date,forecast,lower_ci,upper_ci
2020-06-04,1.5057781347571917,-0.5374159062959957,3.5705531515146194
2020-06-05,1.438387137950757,-0.3374187266548465,3.620910923897749
2020-06-08,1.451890310011791,-0.6151193665608927,3.5391719101140287
2020-06-09,1.4702287079889504,-0.45784566853400804,3.3352040820976754
2020-06-10,1.5534503326510936,-0.4078071310140914,3.598459172328841
2020-06-11,1.4649649759359156,-0.5681669387095876,3.445316911948902
2020-06-12,1.372630032829107,-0.5857336194996053,3.3905429190633063
2020-06-15,1.3165241477653327,-0.735831939273443,3.1960860948746
2020-06-16,1.3151708547180294,-0.6291009471051733,3.2517052413960355
2020-06-17,1.3812848679361305,-0.5260920726984405,3.295559955871812
2020-06-18,1.2787122862781264,-0.5359264860817533,3.2368497450903946
2020-06-19,1.1756901624743512,-0.8487025258071823,3.2900219173062113
2020-06-22,1.110674578582489,-0.8337251416610431,3.029678044756474
2020-06-23,1.114588607009386,-0.698469190315709,3.084747604806704
2020-06-24,1.1901345917552164,-0.7738873902316736,3.1276761445410712
2020-06-25,1.1010546146110636,-0.9194518240534153,3.08846609905146
2020-06-26,1.0153957991557534,-1.035297646834883,2.986636892697086
2020-06-29,1.022607487152694,-0.8836565276524351,2.8919514789674747
2020-06-30,1.055936345268353,-0.9700009690895902,2.9690204266210944
2020-07-01,1.1627412031483306,-0.8796313936636353,3.1928996520286916
2020-07-02,1.1062093153043373,-0.7917770089552197,2.9768415327800293
2020-07-06,1.1592568306421176,-0.8024610831201681,3.104255693782209
2020-07-07,1.2229496405897091,-0.6930888246949898,3.089127867014518
2020-07-08,1.3580768139460875,-0.7300027858620687,3.2872782060775907
2020-07-09,1.3273873821725908,-0.5978682845156421,3.2525641516811405
2020-07-10,1.297975133532304,-0.7200263765995301,3.1850733014660233
2020-07-13,1.4525498515052941,-0.42744687064156883,3.374022259627358
2020-07-14,1.5255002126248296,-0.36256975055270074,3.4317915368676517
2020-07-15,1.6662718645288366,-0.38607371954305825,3.624284037349476
2020-07-16,1.6377003244097927,-0.187748146397807,3.5221559892736587
2020-07-17,1.607040301841145,-0.4599260318052593,3.533860102707033
2020-07-20,1.7402723681202388,-0.22031655274550757,3.7770973709468283
2020-07-21,1.8013783138756765,-0.06991291091537111,3.786903114095232
2020-07-22,1.928610394830482,-0.1366067449077016,3.9113710231330203
2020-07-23,1.8852446548652921,-0.15367627095251846,3.910474591819926
2020-07-24,1.8389862259579561,-0.16247644445679388,3.785100418283826
2020-07-27,1.9250145922803465,-0.030033594259144394,3.7644515301922956
2020-07-28,1.9716187676007149,0.028763784896092964,3.882012191044569
2020-07-29,2.085565013291305,0.055576779994233966,3.922018104795869
2020-07-30,2.030421223270742,-0.19101671857332478,3.861814339416676
2020-07-31,1.9741303385976967,0.12603064982353296,3.939743094956854
2020-08-03,2.0420236753252006,0.1900509497243458,4.056531113664891
2020-08-04,2.0867589108511604,-0.04791400191155651,3.890331706021198
2020-08-05,2.200866633211694,0.14090966701522223,3.9927010828062124
2020-08-06,2.147794417638692,0.1533389876329972,4.106287265687865
2020-08-07,2.095313925941118,0.1362907777516203,4.314889278754672
2020-08-10,2.1827273583026163,0.27110635272379713,4.202611630180362
2020-08-11,2.235726130443005,0.3555029124511999,3.9760114131343585
2020-08-12,2.358455755260841,0.339150087147578,4.15339036001318
2020-08-13,2.314039578993798,0.3361628960000334,4.334725844940536
2020-08-14,2.269928846831923,0.288355527524952,4.125403967723801
2020-08-17,2.3777532007278808,0.32490183051335814,4.3436042238398835
2020-08-18,2.4351196411008176,0.49278412351233514,4.22968192925585
2020-08-19,2.560646435153572,0.5527381576424425,4.5127241516334005
2020-08-20,2.5173043482110034,0.5596364868626634,4.56472700865653
2020-08-21,2.472435549465405,0.5153444801976227,4.300008365375378
2020-08-24,2.566576802554944,0.5873358558664256,4.443348379399208
2020-08-25,2.6156622138947094,0.7213523415234472,4.497832917230553
2020-08-26,2.7311936408878017,0.7771563469348214,4.680582804845878
2020-08-27,2.676285108184521,0.720679056598984,4.749175638670984
2020-08-28,2.618453379906231,0.4619833845909769,4.4707540292769625
2020-08-31,2.6674343930577957,0.47609751515479193,4.640443739439856
2020-09-01,2.700159695459387,0.8755726571447588,4.552994836360663
2020-09-02,2.7990900526361466,0.832680268963525,4.822046038352673
2020-09-03,2.727587334826962,0.6744560466400833,4.738590933336812
2020-09-04,2.6534089807073946,0.6028441491536508,4.534912535453898
2020-09-08,2.6765156100614904,0.6436279850066937,4.750895266674777
2020-09-09,2.7633947235234158,0.8789895698533482,4.700002546848781
2020-09-10,2.6811562093256462,0.8156497351940316,4.6370837017282875
2020-09-11,2.5976487830224237,0.6950262332182374,4.639391566629969
2020-09-14,2.582234816433871,0.4787419103762591,4.580054111607264
2020-09-15,2.598382629575478,0.6147373498288258,4.528378897399365
2020-09-16,2.6833998637877436,0.6448606170497175,4.7117666755705185
2020-09-17,2.6007100616516756,0.7379885253100634,4.552032227754428
2020-09-18,2.518087019735112,0.4912705972290309,4.499997561895979
2020-09-21,2.5123760831748614,0.489556394940593,4.5268012184142465
2020-09-22,2.5337335689979197,0.4895236370964103,4.549081469718225
2020-09-23,2.6247430767300783,0.6641808515231908,4.504763489637982
2020-09-24,2.5486993825054256,0.5739580521708224,4.5162846228551246
2020-09-25,2.473246610303934,0.4323893118704025,4.48674192820443
2020-09-28,2.4909166596217083,0.5400517081161209,4.393486241725272
2020-09-29,2.520283172892176,0.6959510020658756,4.530269029619289
2020-09-30,2.6192175719491715,0.5559940656477956,4.660353665875058
2020-10-01,2.5509085512594436,0.4907257529913046,4.73477805186501
2020-10-02,2.4829009927980445,0.45821783061045773,4.371977390251544
2020-10-05,2.520289000306056,0.5499622730495585,4.436197170289018
2020-10-06,2.5551016564087905,0.688760224921321,4.507347414526617
2020-10-07,2.658813045229435,0.6653929266547582,4.682888545192934
2020-10-08,2.5945617708913886,0.4522054258082242,4.617547485623606
2020-10-09,2.5298522064299656,0.5266541940676733,4.600420712450434
2020-10-12,2.5723251099805755,0.6290313751335683,4.619262250696734
2020-10-13,2.6072015321736255,0.6587287678202898,4.4823696747837545
2020-10-14,2.7101765771670854,0.776521351600046,4.972364742244564
2020-10-15,2.644416891755914,0.8642160202566994,4.6498355823152036
2020-10-16,2.577467871063091,0.4908635601630742,4.520258165156364
2020-10-19,2.609442321537365,0.6480556495508727,4.705600971552553
2020-10-20,2.6398248192891267,0.7103998168330287,4.5762706294335125
2020-10-21,2.7379710460910527,0.6989138369587281,4.661238480594757
2020-10-22,2.6671605244700225,0.785818203086658,4.537972172446477
2020-10-23,2.5950597129607433,0.5795723041676442,4.498273911906889
2020-10-26,2.6122626348666134,0.6730576313326635,4.602960597869619
2020-10-27,2.638387927426893,0.7016576398342012,4.593247283007022
2020-10-28,2.7328241155143114,0.7105213766082545,4.74708209790838
2020-10-29,2.658969290730684,0.7893477819194931,4.566184804757406
2020-10-30,2.5845975404049133,0.569628530393001,4.499966598335754
2020-11-02,2.600475194338189,0.6640804732366481,4.60646978430059
2020-11-03,2.628174341685883,0.7167069351715996,4.619269793487615
2020-11-04,2.72522905313867,0.8134634423012832,4.645799076947928
2020-11-05,2.655021967275848,0.6484558543477105,4.396109029970627
2020-11-06,2.5852851887769326,0.5488303774678511,4.590031941582887
2020-11-09,2.6201738525655944,0.3896355896438374,4.6636850415589235
2020-11-10,2.6555138905001825,0.7264139172931504,4.648004446279523
2020-11-11,2.760606272416648,0.7584050858093204,4.655015751808066
2020-11-12,2.69865290297367,0.7557562994067702,4.688073067358576
2020-11-13,2.6371919418140015,0.5952962319498833,4.6572587136907355
2020-11-16,2.694999478881335,0.7357413303733771,4.608048617798305
2020-11-17,2.736664084566389,0.837264795289308,4.68045629341006
2020-11-18,2.8471034294174324,0.925239228579784,4.818836067832638
2020-11-19,2.7893501376678627,0.8696895056463558,4.817283679725625
2020-11-20,2.7307953334684765,0.7212898248294407,4.802484327465066
2020-11-23,2.788511882828432,0.7689635653531511,4.779158253407135
2020-11-24,2.8270265953700893,0.9073192747660945,4.816550685612822
2020-11-25,2.932755744083228,1.0012963248130962,4.743388691612222
2020-11-30,2.830461552131415,0.9510402696021879,4.673274473503701
2020-12-01,2.8573264093929334,0.7863977303412143,4.907338690759468
2020-12-02,2.9509352077409607,0.9572257753643738,4.87331100852612
2020-12-03,2.874626284882507,0.8568301453543763,4.956701790127221
2020-12-04,2.7961401627937112,0.9250073570664671,4.688866922935424
2020-12-07,2.7897648501576224,0.8831506281112442,4.700425670575813
2020-12-08,2.806881555406,0.9312842680253982,4.664501283079255
2020-12-09,2.8918945151829742,0.947473772390421,4.878162941832713
2020-12-10,2.808286972731753,0.8014264500643129,4.809641180004892
2020-12-11,2.723904980889519,0.776693185056581,4.677615680829819
2020-12-14,2.708652171207289,0.6917481262898315,4.735154146691851
2020-12-15,2.7256451920621885,0.629251840607354,4.647723275034391
2020-12-16,2.811785897639935,0.6891220463911967,4.855294635031474
2020-12-17,2.730392648163428,0.7208695096977041,4.807350918940339
2020-12-18,2.649108747817184,0.800019664179038,4.554780097919759
2020-12-21,2.645986135758638,0.5774242250753824,4.563693471873033
2020-12-22,2.6670521583803994,0.7586317230704952,4.742474342610563
2020-12-23,2.756806568948877,0.7329062232917515,4.780887955811627
2020-12-24,2.6782933342433948,0.7257551179299643,4.548817393799327
2020-12-28,2.5934893151488687,0.6019453985580666,4.562916360112728
2020-12-29,2.610682605625991,0.6086328009975649,4.664281381726657
2020-12-30,2.6949202629883184,0.8514746906900269,4.874850718168933
2020-12-31,2.6092863663637886,0.5821446571561596,4.554530462178922
2021-01-04,2.483101611332142,0.5778865390100839,4.477092739145255
2021-01-05,2.488076970516895,0.40208305132298516,4.398617439464687
2021-01-06,2.5600910442186335,0.5470072192844575,4.52400084992712
2021-01-07,2.462681014748318,0.3366175125594668,4.468155260583593
2021-01-08,2.36382701458121,0.4461327042002478,4.32249299536516
2021-01-11,2.3037501064154924,0.2513172684909375,4.214517370119061
2021-01-12,2.3066236406035188,0.37618002705808046,4.316555322924521
2021-01-13,2.3798992052422796,0.31972767021606946,4.369246975547861
2021-01-14,2.2875045016785203,0.19711852205803707,4.249861039398769
2021-01-15,2.1977458579668765,0.17450457249501647,4.211407923842594
2021-01-19,2.2213485940448505,0.39947116501729185,4.21059300372971
2021-01-20,2.325986978608071,0.3093595812757796,4.327802871810063
2021-01-21,2.269068713335819,0.4318536781675021,4.2831409490372385
2021-01-22,2.218532215138747,0.35891330364845925,4.20166439358474
2021-01-25,2.3471646504240256,0.46886851572715416,4.342993458524366
2021-01-26,2.4255206182653453,0.5744127588408793,4.37804727595155
2021-01-27,2.579109470035024,0.6815611172595125,4.341031280814222
2021-01-28,2.5707319629368035,0.5711361072185198,4.5978023531291905
2021-01-29,2.5674226340950437,0.6652035255070575,4.556387383581085
2021-02-01,2.8206974830242943,0.9808403442630252,4.80472539025952
2021-02-02,2.931969114566394,0.911785730461359,4.927121439157553
2021-02-03,3.1128023102524236,1.1545836785764882,4.983369336072143
2021-02-04,3.125297740325145,1.092566509467787,5.080816388974688
2021-02-05,3.135890345587176,1.2194367967163702,5.147831154345365
2021-02-08,3.384867389211927,1.365761813096257,5.3882652337913965
2021-02-09,3.4786661502701186,1.5549894634086872,5.373906195742841
2021-02-10,3.6340238370752385,1.7256491054130125,5.661561903172359
2021-02-11,3.6099899649292277,1.4936167940331022,5.546470891884767
2021-02-12,3.5766823952401237,1.6771328012560454,5.572131769325102
2021-02-16,3.6828939905783056,1.6455766064222188,5.703945683239441
2021-02-17,3.768118233211466,1.6355860286169144,5.783575681024557
2021-02-18,3.6748798242734364,1.6135871110317919,5.663175752152649
2021-02-19,3.571135967347462,1.7127268874233637,5.621792110942321
2021-02-22,3.443149786076938,1.4569413471488024,5.413502634026104
2021-02-23,3.40643591318284,1.4270751556291184,5.5004415428528715
2021-02-24,3.4322350391628285,1.6081442360861218,5.416385314981981
2021-02-25,3.284925578692987,1.380157621520137,5.258980856930924
2021-02-26,3.1333201422109207,1.1754280243149335,5.034108868709398
2021-03-01,2.905662757053391,0.9317762783885153,4.827748750565964
2021-03-02,2.8518636863274556,0.8860458087640477,4.791413940835172
2021-03-03,2.8690102744176698,0.891765511024646,5.065010897646377
2021-03-04,2.721459723718933,0.68600848528618,4.819558963079046
2021-03-05,2.577845804276407,0.5934062711801127,4.505291274193556
2021-03-08,2.4195540472437354,0.534230617629323,4.200840977773604
2021-03-09,2.40201241933435,0.4700301063147675,4.298145117316524
2021-03-10,2.460709161900767,0.6180293598971748,4.3349080482138636
2021-03-11,2.359107583988153,0.4305341114582667,4.260969669593711
2021-03-12,2.264890019004186,0.27414762711705315,4.265803940277719
2021-03-15,2.2655517905248983,0.1943883517823776,4.2277008653923005
2021-03-16,2.3012945512665617,0.2508279592792391,4.197589730418563
2021-03-17,2.4118647164951947,0.4446171583805471,4.420697285368196
2021-03-18,2.3598800356553573,0.37543773474724246,4.433285772466168
2021-03-19,2.3122619518845524,0.37510623008396354,4.272785363824959
2021-03-22,2.4285555894182402,0.551901525672199,4.492039878096917
2021-03-23,2.4933476272813504,0.5808714420011684,4.408862990153523
2021-03-24,2.6278097275354497,0.7349948257339979,4.463933941779553
2021-03-25,2.5945019178507,0.5383055255110701,4.548778797684836
2021-03-26,2.560409380276949,0.6874618347702641,4.3625322806319655
2021-03-29,2.688670419258933,0.6444882967365355,4.617332652707466
2021-03-30,2.7491588023984557,0.8237751364846595,4.80883413922855
2021-03-31,2.8759837895947555,0.8625675449283405,4.860090347370937
2021-04-01,2.832275117797774,0.7896307408711674,4.932498342431896
2021-04-05,2.8693240061125156,0.8468306039123392,4.909974976870162
2021-04-06,2.914629962920022,1.0317644473788716,4.789876268874466
2021-04-07,3.0269931770707963,1.1487175779877998,4.943300683040776
2021-04-08,2.9699918186960597,0.9862820161896052,4.815559233669522
2021-04-09,2.911590268197005,0.9658142683271639,4.855183227319013
2021-04-12,2.9719400258669957,1.0254287608909909,5.006346634658041
2021-04-13,3.0138665503257664,0.9512544201467091,5.084029201478273
2021-04-14,3.12506666951799,1.1854847742061263,5.102158221913997
2021-04-15,3.069007972229875,1.0613179817447425,5.088181694664999
2021-04-16,3.0134739593432336,1.0522471598929513,4.748801406762083
2021-04-19,3.091309356468023,1.032517979946419,4.954300743833607
2021-04-20,3.140929270020994,1.345209295916991,5.078955154610993
2021-04-21,3.260146774313877,1.446801858110722,5.129090315300044
2021-04-22,3.2120553298759567,1.2739804491500035,5.22176111050496
2021-04-23,3.1640761457972175,1.2567471488898425,5.215988047733248
2021-04-26,3.2588998947064463,1.2676103255133586,5.217181356298247
2021-04-27,3.3114335866794242,1.4767602574405803,5.116398140213559
2021-04-28,3.4318945097905242,1.4779646492073248,5.461555758280764
2021-04-29,3.383289487817995,1.389913646940067,5.28799444126219
2021-04-30,3.3330174103503185,1.3532392297774005,5.3101858819889465
2021-05-03,3.4110102575374532,1.4922684421947734,5.446061662401795
2021-05-04,3.4551481324762774,1.481600480014399,5.35193025351222
2021-05-05,3.566210617929076,1.533247325815847,5.549056625106863
2021-05-06,3.50749599337021,1.5804898449148594,5.481246318250139
2021-05-07,3.446719092719905,1.5735899196061682,5.4210029782560305
2021-05-10,3.4941200320711183,1.5627802307934031,5.333493009544339
2021-05-11,3.5294313066131453,1.6306399630547466,5.548481915481321
2021-05-12,3.632828089649845,1.6927382659310282,5.579437072996296
2021-05-13,3.567839095062035,1.5910506976079184,5.482555152549908
2021-05-14,3.5023608536103,1.5168831387056225,5.54541643037331
2021-05-17,3.546052561599389,1.556987316019083,5.511889878459052
2021-05-18,3.583598294326116,1.5437270860745953,5.506637509012765
2021-05-19,3.690807567447255,1.6616008813178722,5.632615277900944
2021-05-20,3.631021742084437,1.449108345077236,5.5700146761994676
2021-05-21,3.571893954663611,1.6164493678874263,5.5454968513078455
2021-05-24,3.6383972952127817,1.7061038573708949,5.680164280062167
2021-05-25,3.683593516130379,1.7136579230854165,5.5325984687627425
2021-05-26,3.7978277270092495,1.7374203749203578,5.810248425185191
2021-05-27,3.7440492100906866,1.8316789651008618,5.68959223121033
2021-05-28,3.6895340915608648,1.692768719905126,5.5645048999825475
2021-06-01,3.7993719762361158,1.7715685102475205,5.85090975961852
2021-06-02,3.9069083108823413,2.0392323826871848,5.949649580922217
2021-06-03,3.843698609216517,1.8049036446237123,5.709678262859214
2021-06-04,3.7770259103395376,1.8716100389871704,5.649689384148085
2021-06-07,3.794096162390839,1.690367732167,5.626922647369392
2021-06-08,3.8137977206851206,1.8155028593554248,5.835442022728731
2021-06-09,3.8983065629908213,1.9188244551547642,5.944931364440091
2021-06-10,3.810930798572871,1.8904343183217722,5.8291114076090045
2021-06-11,3.719427051689739,1.8221171041471391,5.745580477073101
2021-06-14,3.6632028564396837,1.612748432324378,5.638665769257098
2021-06-15,3.661883376696642,1.6808304559833784,5.540525211952339
2021-06-16,3.727347383684758,1.7864106123945,5.71253350026754
2021-06-17,3.623394222333694,1.763943005270359,5.664510361939333
2021-06-18,3.518229282593145,1.5164570401642492,5.41543709105513
2021-06-21,3.4421372036216358,1.4551015041098103,5.369771880365323
2021-06-22,3.440866972388834,1.5432435307777672,5.340062173282893
2021-06-23,3.5105511789231607,1.6282773942623876,5.426118147887032
2021-06-24,3.4149951607788007,1.4536799191433412,5.43698246836995
2021-06-25,3.322322172299762,1.3414900015175528,5.205164691240921
2021-06-28,3.3061779251558425,1.3618050314364951,5.360867081956241
2021-06-29,3.331291621308598,1.2594651529675474,5.169646625237755
2021-06-30,3.4298467756716446,1.1741264452111921,5.195513970729864
2021-07-01,3.365139485174278,1.3384574682027206,5.175041319794906
2021-07-02,3.3047457295268416,1.416513203931517,5.332581930552063
2021-07-06,3.445582930412806,1.5509538588815273,5.386771783793452
2021-07-07,3.5749375814446678,1.6232820542147912,5.517165394333067
2021-07-08,3.5391063235223625,1.6709470007498446,5.482372530881741
2021-07-09,3.5052128344451483,1.493095970291662,5.483599575212393
2021-07-12,3.650379734216159,1.7581676856182478,5.559314994794772
2021-07-13,3.7214897615269624,1.8555105360393849,5.642034615619175
2021-07-14,3.861009615939188,1.8369130616617255,5.808661502783441
2021-07-15,3.8317210060569296,1.9565957255173962,5.811137103575114
2021-07-16,3.8008147914758283,1.68048573594673,5.784137975315342
2021-07-19,3.93538365575549,1.903700670117253,5.943960303191552
2021-07-20,3.9973542039527845,2.08206981449368,5.996353037433123
2021-07-21,4.1255200177495395,2.097542646488693,6.047553198288862
2021-07-22,4.083074964666779,2.000953811376622,5.859519098598085
2021-07-23,4.037646171979282,2.1080358758140556,6.014501499765015
2021-07-26,4.124936346704171,2.2973706605943915,6.158742495141175
2021-07-27,4.171379185721455,2.094875297822193,6.139158075887083
2021-07-28,4.284801413409595,2.291549284281427,6.183533289203293
2021-07-29,4.228747952163786,2.285642167527704,6.207097077288102
2021-07-30,4.1711504386780875,2.152807386533795,6.083449071751141
2021-08-02,4.232800304911363,2.2603192013132674,6.1911701981412905
2021-08-03,4.274752410670937,2.2082589287725285,6.158160131519625
2021-08-04,4.385785749248885,2.5049168571065104,6.305573839018947
2021-08-05,4.329395333001941,2.4290471365993254,6.396572480972744
2021-08-06,4.273406031143255,2.362970082187051,6.20272373469945
2021-08-09,4.349735005755497,2.3951300161700346,6.22952495290839
2021-08-10,4.399054692308793,2.327246519953811,6.15447494141661
2021-08-11,4.518211673633228,2.6752358956820244,6.339878074523348
2021-08-12,4.470383929229649,2.526625968375281,6.430669463939479
2021-08-13,4.42307246275543,2.372206886991345,6.429940393401378
2021-08-16,4.522961876541577,2.6262690304848766,6.405490761195562
2021-08-17,4.578335863524187,2.77768190025779,6.6053864078985844
2021-08-18,4.702224432555657,2.8053501178076767,6.562213939512699
2021-08-19,4.657602437262483,2.6614900774001935,6.6702358933980435
2021-08-20,4.6118077892313485,2.75781773959587,6.639180695947414
2021-08-23,4.705136803907563,2.7112937565192556,6.6694499520870965
2021-08-24,4.754519235333471,2.718132346144134,6.6123617686379
2021-08-25,4.870573637359827,2.8848870155513167,6.838143498127386
2021-08-26,4.8163727556570075,2.901965702839678,6.913952172887578
2021-08-27,4.759389204498063,2.82296279735159,6.709903969106134
2021-08-30,4.811296195004204,2.6742352694611937,6.701028569281592
2021-08-31,4.844970705503552,2.6793242350085245,6.7754934897630665
2021-09-01,4.944764312992996,3.0565548338289625,6.949981428047123
2021-09-02,4.873999197568457,2.8674891097726074,6.8976979899562725
2021-09-03,4.800396811505652,3.0112789148190036,6.757301325578256
2021-09-07,4.823628093458415,2.947209263375044,6.901164974940995
2021-09-08,4.909896077211473,2.9168525969542833,6.8844058190522315
2021-09-09,4.826768334039979,3.0061795088597574,6.816379139066397
2021-09-10,4.742091656479178,2.717926358156648,6.732645340826348
2021-09-13,4.7215368854498845,2.7484045102806953,6.660606841942747
2021-09-14,4.735461742996655,2.839464902760689,6.7806070900372015
2021-09-15,4.818026881996967,2.8121254577105637,6.819873457913624
2021-09-16,4.732674957536105,2.7053582839515187,6.679915446582916
2021-09-17,4.647200708963985,2.703869976223554,6.52979836795908
2021-09-20,4.63202867081224,2.6298152200349345,6.651906140012561
2021-09-21,4.650008523371754,2.6701129100520093,6.697332970847568
2021-09-22,4.737567859405629,2.4990949754445904,6.604062317685007
2021-09-23,4.658024552316325,2.634547030987214,6.701480987640976
2021-09-24,4.579045106631168,2.7647624031936546,6.4428641896099315
2021-09-27,4.586182194135176,2.7072090546917957,6.6189273822974375
2021-09-28,4.612117543669855,2.6126108798517653,6.607086921356184
2021-09-29,4.707689614651579,2.7647223467369826,6.681955777822976
2021-09-30,4.636102434170849,2.5602857576806466,6.674082823693631
2021-10-01,4.564914795834546,2.519624649823063,6.5130635811265725
2021-10-04,4.593467714071745,2.469523257507812,6.585336606039358
2021-10-05,4.625601345531919,2.6578379936920897,6.705629933361324
2021-10-06,4.726777942403647,2.7404931909285017,6.613966683364067
2021-10-07,4.660140099471551,2.7343353608747867,6.652547770942848
2021-10-08,4.593194198161286,2.7313873593294606,6.679782843819464
2021-10-11,4.629847530819541,2.6351638862175335,6.539286790624203
2021-10-12,4.663065228021039,2.657187555057319,6.513837736708764
2021-10-13,4.76450850548127,2.771988020160226,6.674439894734628
2021-10-14,4.697332218603899,2.8638020511353948,6.666111986262053
2021-10-15,4.629067588268095,2.5903764273632297,6.471755049853229
2021-10-18,4.657526063642593,2.7257867264096727,6.564810673570309
2021-10-19,4.68681208757406,2.756393874111537,6.7719560603714415
2021-10-20,4.783861680623904,2.8706630615852577,6.747874036066461
2021-10-21,4.711930075693048,2.8126382727507546,6.6906589944187855
2021-10-22,4.638659052510391,2.753518606206593,6.650970925947495
2021-10-25,4.651815226068734,2.5806040671916346,6.519623312814953
2021-10-26,4.67633832549143,2.7754628874034935,6.73357087201563
2021-10-27,4.769013426042827,2.7079491193749536,6.659971162612094
2021-10-28,4.69322351770553,2.8131221589901627,6.478378491624016
2021-10-29,4.616731185520693,2.7321747644301255,6.672714642187605
2021-11-01,4.625082450528117,2.7454380436862382,6.531003590110059
2021-11-02,4.649890805898803,2.6686552892841973,6.59371139535332
2021-11-03,4.743879214909435,2.697364152091258,6.650124472008249
2021-11-04,4.6704470894074435,2.7638976928411547,6.659899358463564
2021-11-05,4.597348082990501,2.63988038523499,6.53924971983309
2021-11-08,4.621606090391684,2.649333226359471,6.68209561839187
2021-11-09,4.653331642635821,2.7115834097205678,6.513064141245097
2021-11-10,4.75483543833605,2.7905027424109954,6.751223499870168
2021-11-11,4.68935812529977,2.807932970709388,6.6194164376047295
2021-11-12,4.624476562540346,2.5406429938206765,6.731202635167869
2021-11-15,4.673007497598737,2.7495893039026162,6.536346050310303
2021-11-16,4.712015738192595,2.7373290555538103,6.6766448666860825
2021-11-17,4.820059912892181,2.851463094867852,6.634152968192949
2021-11-18,4.760190596018876,2.6794471634277595,6.7786107708225
2021-11-19,4.699810566282636,2.7758543217919476,6.696719651205039
2021-11-22,4.753809445650506,2.8750283511500565,6.69165365375966
2021-11-23,4.791639624185571,2.9600723491036804,6.820449619270886
2021-11-24,4.896928349363901,2.9018874285577434,6.871883423308529
2021-11-29,4.800244185283189,2.717572503391917,6.808440587698578
2021-11-30,4.828417064458087,2.7014315082325173,6.766734421930647
2021-12-01,4.923285460458011,2.983285490940143,6.8594994031643015
2021-12-02,4.848140862617625,2.8604549233403067,6.874011400306595
2021-12-03,4.770679629553465,2.706946143580089,6.762030639397872
2021-12-06,4.766168160381228,2.8198189566885707,6.788599674809027
2021-12-07,4.783408328827058,2.875513678079096,6.671765859127301
2021-12-08,4.868267301746987,2.9487412376778845,6.980413441325164
2021-12-09,4.78422376312636,2.8290457446144823,6.75325006657256
2021-12-10,4.699128100626643,2.5790949030746813,6.4869658904971255
2021-12-13,4.680243620753726,2.6702863997669932,6.6693223827875965
2021-12-14,4.695628678433521,2.635338457815298,6.672550373867625
2021-12-15,4.78003022445238,2.8383307276311824,6.735581291497754
2021-12-16,4.6968154450755115,2.7292182414271027,6.636470075722856
2021-12-17,4.613680055601499,2.663611145447317,6.63031041352059
2021-12-20,4.60536600927114,2.6572920427145226,6.506535256641122
2021-12-21,4.624997154695666,2.55243195391808,6.669240192610827
2021-12-22,4.713542199943175,2.6442201433456587,6.7428722034621735
2021-12-23,4.634082254058311,2.7711680408384494,6.471651344991365
2021-12-27,4.548532008022384,2.455038431593098,6.516897565912378
2021-12-28,4.56630433753872,2.4843917197512546,6.417515627080432
2021-12-29,4.6513863115119,2.679303151943988,6.539304390153211
2021-12-30,4.566819424092432,2.5941435087238207,6.4006309326434865
2021-12-31,4.480045177298544,2.479617757077448,6.353514857139312
2022-01-03,4.445877598854952,2.4654035638242364,6.299937701584192
2022-01-04,4.45201217061563,2.403760467874239,6.40343481391528
2022-01-05,4.524943772756848,2.6091422866231655,6.6062156287043905
2022-01-06,4.428113686954922,2.6409944370927896,6.414462202126871
2022-01-07,4.33907973974133,2.436867275077102,6.346492778901759
2022-01-10,4.304988687219112,2.378130546393242,6.438829508857668
2022-01-11,4.315115335653358,2.3197489796232618,6.270269411813717
2022-01-12,4.394844231917196,2.2299214102375697,6.40437475303562
2022-01-13,4.308068629535449,2.3647183165572745,6.245750196123515
2022-01-14,4.223078235550683,2.2835638535187313,6.040414098823587
2022-01-18,4.257603363923716,2.3507916257676573,6.320260531540527
2022-01-19,4.363203691354197,2.2664468052343136,6.399243804961779
2022-01-20,4.306717904461049,2.4385808824897,6.227823229891798
2022-01-21,4.256205763661534,2.23260016366691,6.328720358453986
2022-01-24,4.383895547332835,2.4227256472320593,6.378897350321575
2022-01-25,4.4621305165146605,2.5625282996035574,6.462933270619997
2022-01-26,4.615976785123047,2.648636515966296,6.575338930874836
2022-01-27,4.608406323829251,2.6382716471142684,6.655967959711597
2022-01-28,4.606621066579498,2.722073446028873,6.742145285603583
2022-01-31,4.8703077769833625,2.9204074390833616,6.802106462867754
2022-02-01,4.987438323895372,3.0196800184577164,7.01017524874154
2022-02-02,5.175498559965821,3.324333018858899,7.040732093410261
2022-02-03,5.196659460346883,3.1304185370690396,7.1239970065114075
2022-02-04,5.217400411636781,3.275860621399095,7.1395720149378255
2022-02-07,5.505748024390982,3.5768001741234214,7.51718738624505
2022-02-08,5.615512372463328,3.489902513279356,7.600093068396266
2022-02-09,5.788119881333854,3.8225156852719584,7.884602087653694
2022-02-10,5.785789425724966,3.817685050673995,7.7482767788128015
2022-02-11,5.775202053924674,3.932356552858482,7.639138781697872
2022-02-14,5.926816207378022,3.9863130776717686,8.004880782482356
2022-02-15,5.978882022289629,4.1712342477079325,8.068991414391448
2022-02-16,6.089108352209729,3.9668000838722226,8.044114723169294
2022-02-17,6.020697230784666,3.9766897853967254,8.116092570053176
2022-02-18,5.944578589000121,3.955709101248374,7.898502989654533
2022-02-22,5.882537885143592,3.8301819103636077,7.837752489624303
2022-02-23,5.931193047510534,4.080274690425813,7.782058933522945
2022-02-24,5.80535156548692,3.8257848320557493,7.735499164118692
2022-02-25,5.673738790261082,3.7230857354258955,7.5905828549283525
2022-02-28,5.49677045623675,3.570495722495752,7.633046683841468
2022-03-01,5.456774349864363,3.457405222343172,7.5365816807706185
2022-03-02,5.486251596985778,3.5436343138341373,7.459114085980242
2022-03-03,5.349645161044217,3.484343222372379,7.297454575359695
2022-03-04,5.215699118555566,3.346553503343466,7.183218886972414
2022-03-07,5.080163639490856,3.031405320216903,7.28305325375864
2022-03-08,5.068673199680578,3.286285892675893,7.063455683205192
2022-03-09,5.132953779106618,3.2031292085181646,7.070321113812735
2022-03-10,5.036655409043901,3.1756060076351456,6.928114222804556
2022-03-11,4.947645949474003,2.9746727606163548,6.916387651720015
2022-03-14,4.965116108244782,3.0143732026100345,6.805757916892357
2022-03-15,5.007382573220458,3.0750411996530476,6.9704011929009955
2022-03-16,5.1251597814947,3.1564993607358867,7.027003699696995
2022-03-17,5.081169808869231,3.0960945665407804,7.056115740105078
2022-03-18,5.042416279072263,2.9746770551931223,7.030654461066303
2022-03-21,5.190994130663029,3.1737625467312225,7.245943032736708
2022-03-22,5.2684842477567955,3.220770194925027,7.255491126016098
2022-03-23,5.416576400387905,3.45145772712706,7.397149769475902
2022-03-24,5.39777796287617,3.4205525879751053,7.267788389644465
2022-03-25,5.379003744189644,3.4843847727731907,7.328771487504793
2022-03-28,5.557159559819419,3.603224757599119,7.508996475348249
2022-03-29,5.635239072755242,3.691138728054227,7.608842374875488
2022-03-30,5.779944676962472,3.8623306314286117,7.71588872482759
2022-03-31,5.754290673202315,3.8378351152191104,7.581454444548362
2022-04-01,5.725751124105526,3.849217187647974,7.546927524447816
2022-04-04,5.863172169994314,3.8197360198249353,7.694905590147247
2022-04-05,5.925889765313455,3.964176267716753,7.82730235056046
2022-04-06,6.055310155316989,4.004859232813523,8.023684640458065
2022-04-07,6.014969636030402,3.965511484089203,7.97426402567876
2022-04-08,5.972806771915455,3.981862659809803,7.982421896600613
2022-04-11,6.07931945900266,4.1281739402592175,8.0685792497369
2022-04-12,6.135849969372896,4.2661179207624995,8.058991218866646
2022-04-13,6.261328499405859,4.313104472870788,8.21074460917903
2022-04-14,6.219278252216157,4.188544731792748,8.147048599440708
2022-04-18,6.296242557257819,4.337364962045849,8.408656870290354
2022-04-19,6.359537871691201,4.285425596436614,8.30513520318751
2022-04-20,6.492570148418961,4.551689851928143,8.511416147147068
2022-04-21,6.45849154945484,4.4582421069984814,8.560804497141042
2022-04-22,6.424773681729123,4.511809141050724,8.3512730996441
2022-04-25,6.564221869535368,4.586751712734975,8.50631855994419
2022-04-26,6.632302456781135,4.738272009920725,8.626857131985497
2022-04-27,6.7686451850808025,4.712856968149363,8.685876008800454
2022-04-28,6.73623820246227,4.70655901120289,8.746209746006338
2022-04-29,6.702450624798232,4.632848685647276,8.739721685758326
2022-05-02,6.831177306454888,4.807715018188702,8.904032657744514
2022-05-03,6.892471473546573,5.029927178822043,8.811643342004052
2022-05-04,7.020710724660412,4.882651572647778,8.830533968869283
2022-05-05,6.9791298227409,5.023942924118483,8.948429345119655
2022-05-06,6.935381586652664,4.978608380590252,8.99719734647958
2022-05-09,7.0326843853958,5.159820975070128,9.019308728122745
2022-05-10,7.08408564006647,5.138360885785052,9.114823742504809
2022-05-11,7.20324901391367,5.243185031628764,9.204683326950638
2022-05-12,7.1471262317867374,5.101940233059698,8.987148178829754
2022-05-13,7.090174109971989,5.325943579207394,9.12589603171539
2022-05-16,7.157563781877018,5.065610047360968,9.09305496861964
2022-05-17,7.202493966027921,5.413493169202066,9.256119442457171
2022-05-18,7.316912456995409,5.247758656987636,9.327720689156228
2022-05-19,7.264222910765446,5.269675434064225,9.387452174397461
2022-05-20,7.212147018156623,5.384978673206701,9.146496712603751
2022-05-23,7.300275826405345,5.310364469439487,9.29635468351355
2022-05-24,7.3530837546993935,5.346892838561356,9.380642161802148
2022-05-25,7.475247248721936,5.4278919285574565,9.467147409468865
2022-05-26,7.429776107650182,5.443586328755801,9.434007173267966
2022-05-27,7.383998070475901,5.530133878112444,9.488485933968665
2022-05-31,7.53371107498091,5.730546979974608,9.591323461702528
2022-06-01,7.652488536707591,5.57959817164937,9.676048591002363
2022-06-02,7.600995017839933,5.613889399192096,9.641237565402065
2022-06-03,7.546471469991929,5.5656229489211935,9.599522010462318
2022-06-06,7.601971489728818,5.57365890632704,9.636446874823015
2022-06-07,7.634883317731705,5.618207068345875,9.590254044026647
2022-06-08,7.732651034024068,5.789187456365739,9.505746267539532
2022-06-09,7.658483467361677,5.769500714752836,9.667277952453748
2022-06-10,7.580035727180119,5.728304028667751,9.644421979481878
2022-06-13,7.561070569415835,5.621556407368265,9.60639698098772
2022-06-14,7.570007243362811,5.715653184297522,9.542690037703151
2022-06-15,7.645121312201088,5.720634973009962,9.63858839686152
2022-06-16,7.550148300970255,5.609769343082441,9.533089699685696
2022-06-17,7.453243254231172,5.473046556163642,9.52107782779921
2022-06-21,7.401247149403853,5.401722811635712,9.325973819126816
2022-06-22,7.475378960122421,5.634499158314023,9.513355724282654
2022-06-23,7.383579404329145,5.439623987835603,9.446635072982707
2022-06-24,7.281278059487148,5.355238981565993,9.258999273726909
2022-06-27,7.233247210899158,5.331288734871241,9.274940762260707
2022-06-28,7.24704343297862,5.379121176233967,9.04330446920032
2022-06-29,7.334109974036152,5.385122408584737,9.30314611358281
2022-06-30,7.257852126561417,5.369897367615277,9.273502938528079
2022-07-01,7.18595509706232,5.149489462754028,9.106370793181002
2022-07-05,7.283300746197884,5.434691319774605,9.188889526815728
2022-07-06,7.402859711438834,5.49057884957992,9.363308819224796
2022-07-07,7.357805450120477,5.448106788398361,9.363369620297782
2022-07-08,7.315309854783541,5.235032526445139,9.26188610388363
2022-07-11,7.4386566590609045,5.441756937283526,9.425858119787875
2022-07-12,7.503833670734237,5.471445518432343,9.56493612582084
2022-07-13,7.638059764123081,5.661011393674984,9.47249634462458
2022-07-14,7.604077619225229,5.5893135814907975,9.951256424092625
2022-07-15,7.569027057616537,5.598698797024167,9.69050087569328
2022-07-18,7.693801443256572,5.600949619944915,9.563754626973765
2022-07-19,7.753132246509555,5.809497575264367,9.591905975921593
2022-07-20,7.8788330181069135,6.094055121310732,9.737806109008167
2022-07-21,7.8340130208839724,5.852442030197906,9.946601939770934
2022-07-22,7.78621646577614,5.879967679313154,9.83904232366171
2022-07-25,7.865683614944828,5.846313914192401,9.909673460536036
2022-07-26,7.909048020110995,5.945616810167325,9.808200137219295
2022-07-27,8.019073889970477,6.062424494035416,10.049493949713632
2022-07-28,7.959268936093035,5.895129011467586,9.963896388094968
2022-07-29,7.897538929172909,5.979416351648176,9.789621221670634
2022-08-01,7.944420914939725,5.9496801562198804,9.813522735834114
2022-08-02,7.980688786707787,6.066826230218964,10.060019556438125
2022-08-03,8.085697652881722,6.0948704282078365,10.031736921735632
2022-08-04,8.005449521792254,5.985203935070166,9.893894458969282
2022-08-05,7.9253462291859345,5.831309540061815,9.755185206755357
2022-08-08,7.928336107339658,5.927676226270609,9.775814817826031
2022-08-09,7.953073856884362,6.020679557134327,9.85996455889069
2022-08-10,8.047682173623164,5.965514040303724,9.9880137988745
2022-08-11,7.975397934466118,5.990978005642021,10.022188239210896
2022-08-12,7.903777799606317,5.892546765001513,9.970477998198753
2022-08-15,7.932109413667459,5.912425267334341,9.870372962154375
2022-08-16,7.964214901238286,5.964134299543109,9.951310866771953
2022-08-17,8.065172138677374,5.9848932235050665,10.218407333462785
2022-08-18,7.997970691406692,6.0435382819378285,9.823907091685461
2022-08-19,7.929954677980505,5.9987582738469065,9.88798208651457
2022-08-22,7.958706154432477,5.821092813875549,9.968139037599958
2022-08-23,7.987199263630079,5.984021980850568,9.915105061358084
2022-08-24,8.082636230514577,6.111961273611306,9.984660840688788
2022-08-25,8.008053613916424,6.1522821054535175,9.975206581643157
2022-08-26,7.9308836352971825,5.888086995776086,9.868532612822284
2022-08-29,7.922958675279058,5.908641762160474,9.867860744801645
2022-08-30,7.936777538299184,5.927782503077175,9.833803582510098
2022-08-31,8.016683315639213,6.074499298360308,9.97940601595868
2022-09-01,7.925954836590711,5.866183407058575,9.872398590644627
2022-09-02,7.832273038714729,5.84722242745402,9.900704146649904
2022-09-06,7.773351352251796,5.832260383949501,9.721875527825476
2022-09-07,7.83849375224097,5.784367204059724,9.635041163283873
2022-09-08,7.733971585471406,5.785518293007275,9.570816246118426
2022-09-09,7.627623615429216,5.619444785991465,9.509541003163323
2022-09-12,7.540385518888235,5.437756836643744,9.462741702693263
2022-09-13,7.531545175547989,5.531168011213667,9.557210088542226
2022-09-14,7.591095414450605,5.558871127996121,9.660038897872536
2022-09-15,7.476404050703524,5.419432397996329,9.25762523235327
2022-09-16,7.361375366823215,5.461182778469081,9.353862455395616
2022-09-19,7.256462240858315,5.33355854473006,9.318571534593787
2022-09-20,7.2442454103173075,5.2291654310164235,9.281147986038702
2022-09-21,7.301505999910003,5.252261840455305,9.26177526915896
2022-09-22,7.191585547555864,5.109384740003806,9.195464564707384
2022-09-23,7.082173800118826,5.119812681062181,9.0653968486785
2022-09-26,6.997904375778155,5.0789423866667125,8.953379524117958
2022-09-27,6.993403242043795,5.0179813090812315,8.958780367126883
2022-09-28,7.058586578367068,4.97953344698662,9.078456611191392
2022-09-29,6.956675449540199,4.839160970283775,9.033977709339505
2022-09-30,6.855244329261058,4.901046528243521,8.831196234469168
2022-10-03,6.793684963652863,5.014092784036404,8.76551107204954
2022-10-04,6.796024813363747,4.753990464833286,8.742492063446832
2022-10-05,6.867544253027374,5.02924422753716,8.783368431284314
2022-10-06,6.771392191704128,4.745008379174115,8.846920210517256
2022-10-07,6.6750794792302175,4.633346058759184,8.673798876476816
2022-10-11,6.628975992976804,4.537236780962116,8.708047861654517
2022-10-12,6.701784328316989,4.724944369503868,8.616169563062822
2022-10-13,6.606102626519892,4.489451058073152,8.569495973471076
2022-10-14,6.509450920743712,4.417090790634762,8.53421281508317
2022-10-17,6.4533109029295765,4.391655261917122,8.55065605915269
2022-10-18,6.454524931922951,4.346179560098523,8.504266991930079
2022-10-19,6.523531467786961,4.440707521801057,8.656113569395934
2022-10-20,6.423562600521068,4.4458148031009825,8.45470716833894
2022-10-21,6.322235993797748,4.265316060458636,8.24214064174786
2022-10-24,6.250869756754634,4.4091475788821715,8.271855231631536
2022-10-25,6.247020508134942,4.243910551210094,8.188884991734982
2022-10-26,6.311187488164828,4.26029069781642,8.229431757760581
2022-10-27,6.206734840896467,4.255619809885985,8.22176220891878
2022-10-28,6.101409231678949,4.164271396700411,8.243378947426175
2022-10-31,6.022133166925935,3.963665928990801,8.010635128903953
2022-11-01,6.017343203726716,4.054621126786453,7.911323369172715
2022-11-02,6.081543818863157,4.105072467934629,7.924215467432286
2022-11-03,5.978144967926909,3.997499405785302,7.958774263526192
2022-11-04,5.8749158478170775,3.9533328567294705,7.7375507274121045
2022-11-07,5.808029246233634,3.7919513166712515,7.738641658641278
2022-11-08,5.809218003829224,3.8562803328545097,7.8137695613215215
2022-11-09,5.88016388460886,4.002460018521615,7.783674501928017
2022-11-10,5.784144978262427,3.872527553622121,7.776149363962597
2022-11-11,5.6887767444329125,3.7098004987153077,7.643604374264487
2022-11-14,5.646560235691633,3.584467212064545,7.661678169038317
2022-11-15,5.655676489278246,3.7295773157606726,7.656911866685633
2022-11-16,5.734059564588868,3.83944316884943,7.712924052543264
2022-11-17,5.644784943647198,3.6716664807533768,7.631109233731617
2022-11-18,5.55527483514151,3.5916638013580133,7.532364387302579
2022-11-21,5.523633911396026,3.6671847346094864,7.527916620399574
2022-11-22,5.53349939830637,3.6044783347410125,7.356906729659735
2022-11-23,5.611095726851657,3.7491596077396014,7.555130830502954
2022-11-25,5.426015808756946,3.460049841342034,7.3786700430211605
2022-11-28,5.3736890863459275,3.327353756520865,7.116105148898554
2022-11-29,5.374071148587507,3.3260295538248474,7.2456655751198396
2022-11-30,5.441160555687292,3.5792886466208955,7.331750864411735
2022-12-01,5.3382005164672135,3.3985020612607446,7.351416218676789
2022-12-02,5.232840082731778,3.287344008492806,7.360515289213509
2022-12-05,5.143698526637231,2.8099901229654236,7.0711366988304585
2022-12-06,5.132297884605649,3.142363031698378,7.204915279620519
2022-12-07,5.188256340457122,3.19678124913539,7.157718902141773
2022-12-08,5.075037336002132,3.1566942427035567,7.050078353418259
2022-12-09,4.960484511225278,2.909139932660066,6.989887946345591
2022-12-12,4.8516038644509125,2.9843632068693684,6.854865756241151
2022-12-13,4.836514178586352,2.894129185675448,6.830593252398433
2022-12-14,4.890256014788991,2.9821836202633034,6.85384768679295
2022-12-15,4.7762388593005625,2.928089552668209,6.779416955339049
2022-12-16,4.662206120235377,2.783089144991107,6.638591996478925
2022-12-19,4.561156944155056,2.5813807048622257,6.545912337836959
2022-12-20,4.550042473442236,2.5658936368481275,6.560049642738832
2022-12-21,4.608011314794959,2.4651326034222607,6.568829892447036
2022-12-22,4.498190228948422,2.4947621762822365,6.4538925019576725
2022-12-23,4.388036032041436,2.4749291109538123,6.318368275834761
2022-12-27,4.282882765817195,2.2336911847549343,6.311801078904156
2022-12-28,4.339380663833555,2.4345467490159542,6.352950635132938
2022-12-29,4.226503668709265,2.2802268679211224,6.010595735519794
2022-12-30,4.111653811746097,2.066780113327198,5.810861074798139
2023-01-03,3.9724656806174674,2.1158298416658408,6.133248965749019
2023-01-04,4.017510459573151,2.1721489706179167,5.95538647941037
2023-01-05,3.892575681499939,1.9513045942931968,5.767432625138058
2023-01-06,3.765450790636075,1.780679662765048,5.686970334500323
2023-01-09,3.6142683259742574,1.6311441061565928,5.4829081414233825
2023-01-10,3.584138208700433,1.6188942314175245,5.479852612274174
2023-01-11,3.622875932942388,1.7249799277374707,5.750555118441443
2023-01-12,3.4943205715754218,1.4576428401456443,5.57776497346399
2023-01-13,3.366723192540129,1.243869741325577,5.259168241566759
2023-01-17,3.2224134756188043,1.2030315565919039,5.201422559860086
2023-01-18,3.2813442241169968,1.3336379374191114,5.3936573117926825
2023-01-19,3.1775327478097966,1.3300501553568116,5.1579138848660895
2023-01-20,3.0791378095635844,1.1689551570488368,5.0562864767952895
2023-01-23,3.0610861597670596,0.9858146351620769,5.00151139424645
2023-01-24,3.090530657323134,1.1889244612923517,5.070820777959899
2023-01-25,3.1957512363375495,1.1696344842076054,5.129977801903892
2023-01-26,3.139890546008937,1.2435183396546272,5.154988297867763
2023-01-27,3.090322094409912,1.171046397703807,5.1110700725361955
2023-01-30,3.2153514030050028,1.359744068947486,5.2392271019824275
2023-01-31,3.288328631803523,1.466058305025161,5.229034441155889
2023-02-01,3.4334826509708614,1.4821915508986296,5.31023032836311
2023-02-02,3.413084075885586,1.4212636908716818,5.296159162740038
2023-02-03,3.393688757114475,1.5243458689436096,5.464062367062579
2023-02-06,3.5705411042389485,1.5950072109589104,5.566287833997013
2023-02-07,3.646097140490915,1.6790006277389526,5.576283824447857
2023-02-08,3.785896214690366,1.8470381797250117,5.676050264725224
2023-02-09,3.7520680388898358,1.8036362752876458,5.782974012578426
2023-02-10,3.7111781269091497,1.723725324777484,5.550409972079782
2023-02-13,3.7775507551414753,1.845334649006098,5.687624818780167
2023-02-14,3.8024934861642183,1.8307064258718295,5.7078447211127
2023-02-15,3.885907233515385,1.850349585907947,5.937669690613849
2023-02-16,3.7907798795767937,1.5351925539334383,5.682388211878273
2023-02-17,3.6846373524704243,1.7340029168238469,5.628301120224292
2023-02-21,3.4971026202682864,1.6458969357569087,5.514597083035297
2023-02-22,3.5120828731569227,1.5415164691480876,5.567272304289535
2023-02-23,3.3513254178202683,1.513734483979233,5.238881979559132
2023-02-24,3.1834347415688042,1.3078254745335753,5.023896226606338
2023-02-27,2.8886619553401323,0.7358304414030867,4.827847725253002
2023-02-28,2.8062866456104887,0.9617955760414251,4.7412841112688815
2023-03-01,2.7918430688744067,0.688152351894063,4.916902230071308
2023-03-02,2.61926250221676,0.7938309033173461,4.55417279639889
2023-03-03,2.4479319461880737,0.4488542259116467,4.455939420116776
2023-03-06,2.1929341979814017,0.17349698393346696,4.150647829462193
2023-03-07,2.1396710230786664,0.12771425645582762,4.018611611159757
2023-03-08,2.1614827136447103,0.1566266903817192,4.19556483917139
2023-03-09,2.0222017180160186,0.023948211542935083,3.9687017434769336
2023-03-10,1.8898822755867013,0.06202358192433189,3.9411838471445306
2023-03-13,1.777295463392848,-0.22473976592442077,3.6712394158311894
2023-03-14,1.7767433740681389,-0.2537891971701549,3.6953208818613317
2023-03-15,1.8522263618146504,-0.0896664286922282,3.78317755031207
2023-03-16,1.7665961450700987,-0.37164416295632086,3.771148332765361
2023-03-17,1.6869659766461875,-0.33779828376717047,3.635783562729602
2023-03-20,1.7182583389068986,-0.2533361227185784,3.746456978780785
2023-03-21,1.7585721688285938,-0.0799271549489705,3.697342520793569
2023-03-22,1.8704576316033115,-0.03181291815967753,3.812526108184822
2023-03-23,1.816394608159702,-0.11994640874736714,3.688067108608864
2023-03-24,1.7632500399943105,-0.24929710245575862,3.715916714330061
2023-03-27,1.8429221452675042,-0.17178578830246566,3.7394874589809812
2023-03-28,1.8894023881966593,-0.14340047941318912,3.8087398492997027
2023-03-29,2.002942753494903,0.015417972303344737,3.905925545325962
2023-03-30,1.9464420504264157,0.018855538647940925,3.8738067505142784
2023-03-31,1.887258499254294,0.04550293736477666,3.809496753295005
2023-04-03,1.9328643184039622,0.0260271282258342,3.7161692421894044
2023-04-04,1.9646882838459976,-0.15194205464891333,3.8308980355733144
2023-04-05,2.0629347066824923,0.2196189140226296,3.938630548787849
2023-04-06,1.9910786878017341,-0.004754785115423593,3.885050744398197
2023-04-10,1.9252746143575679,-0.0013720435046691984,3.9325195692374404
2023-04-11,1.9482133124140522,0.1534963147318055,4.046347571728213
2023-04-12,2.039718970278778,0.150031235207112,3.9940330034994007
2023-04-13,1.9774941326544728,-0.05757633618436414,3.9816285714653734
2023-04-14,1.9153025824511078,0.04383973981115203,3.951036584636261
2023-04-17,1.9715556840314648,-0.04548365180059931,4.027272063057052
2023-04-18,2.013914857069228,0.05987049689510439,4.074847148194653
2023-04-19,2.1260681371721617,0.23778007958321679,4.174819575287908
2023-04-20,2.0712341498584728,0.08073151201962396,4.050650303642932
2023-04-21,2.0169450029225033,0.07267622406215911,3.878985297683595
2023-04-24,2.096261606831548,0.13665117598162357,4.0331989936525074
2023-04-25,2.1449327849355426,0.42660847656740736,4.078955802651417
2023-04-26,2.2622076137210767,0.35268277589496577,4.223753675653489
2023-04-27,2.2110704778158583,0.35820106556436865,4.155451072598175
2023-04-28,2.1588747268193895,0.2629390342379678,4.071361773304346
2023-05-01,2.2339877909810135,0.2346629685245458,4.1518773026185745
2023-05-02,2.2777950409337246,0.3278336234645794,4.192769847601546
2023-05-03,2.388646043595641,0.4884933910458206,4.293554672137314
2023-05-04,2.3297132269412724,0.3710977818615299,4.265343097625316
2023-05-05,2.268585856354343,0.22288776914565292,4.155625669391267
2023-05-08,2.312979583081448,0.20617002244262833,4.232232444486495
2023-05-09,2.3463080395991716,0.28968256119837194,4.25180486252754
2023-05-10,2.447109112618197,0.47608163422750754,4.572645485212546
2023-05-11,2.3788686646115833,0.48464215954113715,4.35637896220638
2023-05-12,2.3094635985068845,0.3312811989163618,4.180630126082035
2023-05-15,2.3374903054052023,0.3461411844301389,4.3495888107674325
2023-05-16,2.368694865974206,0.24759545400400151,4.2518757485508525
2023-05-17,2.4691461484730723,0.44591091141118694,4.325203267857883
2023-05-18,2.4022997807892885,0.4469472425620734,4.470677918002195
2023-05-19,2.335937893104072,0.2973428553970763,4.180987191421044
2023-05-22,2.3811270736941683,0.2974035133244769,4.4123702595931915
2023-05-23,2.419840874561038,0.5490040201289508,4.332207105757438
2023-05-24,2.5281427007336257,0.5862511787279735,4.513895550782483
2023-05-25,2.4691111763946894,0.6671799453144133,4.47473557694762
2023-05-26,2.410136479777505,0.5781696315927609,4.40886760339631
2023-05-30,2.511617489573659,0.5838701672634343,4.495122009761219
2023-05-31,2.6196004926174226,0.4789277032413245,4.498113247149644
2023-06-01,2.557820123012679,0.6439402735705733,4.485071844187158
2023-06-02,2.4934931007339003,0.4058660431485448,4.3087154804676455
2023-06-05,2.5220297044808766,0.46828026950485335,4.57990601072036
2023-06-06,2.546554461947884,0.5338390520968741,4.590861140234116
2023-06-07,2.63610098568103,0.7456615507813271,4.655416507007524
2023-06-08,2.5537850144721657,0.4852303459563649,4.407146970204478
2023-06-09,2.4671633198924487,0.5029402551310885,4.281853167847366
2023-06-12,2.4225118654348514,0.5240475903956153,4.405914533548907
2023-06-13,2.4221695791116655,0.3830535830624588,4.438790514210801
2023-06-14,2.487494748979928,0.6036576801816371,4.587158243535131
2023-06-15,2.382144618417721,0.42513363274719596,4.368741021175516
2023-06-16,2.2742072921985454,0.38862827595758936,4.129031464230784
2023-06-20,2.1706770885490716,0.31486274747455906,4.264571257823245
2023-06-21,2.2299969155108124,0.2715543999378061,4.2036470115229125
2023-06-22,2.122640221443884,0.253157288530656,4.061642245304216
2023-06-23,2.016831362812977,0.0951164620131152,3.925885123930762
2023-06-26,1.95468398754256,0.02215430088510211,3.8189365796040864
2023-06-27,1.9628478614546947,0.000537374548301955,3.9064641243093106
2023-06-28,2.0439782963446707,0.12649769619538823,4.032835073922803
2023-06-29,1.9615862048922796,-0.010392847451710846,3.8555610473192505
2023-06-30,1.8834655874722488,-0.1892074948276923,3.877387745892326
2023-07-03,1.9156594738353554,-0.17396278208177074,3.990230699761445
2023-07-05,2.071628179533618,0.15330686614150882,4.071384030318447
2023-07-06,2.0219659948536193,0.02255494493089446,4.004075349731366
2023-07-07,1.9754209162149134,0.1283428541437528,4.062267374975816
2023-07-10,2.0904147250858927,0.0774941150170313,3.935880043491805
2023-07-11,2.1541468706286513,0.13326046918425066,4.141367055017454
2023-07-12,2.287597334577755,0.40947287021772705,4.243856478367578
2023-07-13,2.2534865395155212,0.36128245309639634,4.224814374016696
2023-07-14,2.218918491537043,0.05974982315261593,4.046220302208335
2023-07-17,2.3482730419147577,0.4653508240255158,4.348375380647499
2023-07-18,2.4099493420868585,0.40488231699580984,4.432430889740439
2023-07-19,2.5382752397611026,0.5287315948677564,4.423292265163924
2023-07-20,2.49627624165612,0.6722841291435898,4.391559739100315
2023-07-21,2.4514118573806627,0.3288771437922388,4.404544248246783
2023-07-24,2.5395251525764553,0.5973000855923621,4.526560002949594
2023-07-25,2.585472448083481,0.4747477089958999,4.39386075989094
2023-07-26,2.6978248058280543,0.9086791991563724,4.667839901415494
2023-07-27,2.640039427294067,0.5181171995707846,4.62421478047705
2023-07-28,2.5799821183613565,0.44172769185708777,4.409409057801059
2023-07-31,2.6295715597014273,0.6550821103066626,4.546119421902324
2023-08-01,2.6659531922744195,0.5405231184738973,4.610061309033969
2023-08-02,2.7707003748714367,0.8777701404160625,4.649588404359757
2023-08-03,2.7073733094020107,0.6927000816943506,4.572903242805531
2023-08-04,2.6438787323509,0.7361360599978235,4.678586800069722
2023-08-07,2.6952917029641044,0.8047493538525359,4.654808726302876
2023-08-08,2.7358862585294634,0.6861873626137655,4.702158744452106
2023-08-09,2.8463087041795188,0.8732041246155623,4.882156470252329
2023-08-10,2.7898568039884997,0.7488098734966617,4.702782201865644
2023-08-11,2.7341467024692343,0.7052284526701539,4.644440009694142
2023-08-14,2.811218093793269,0.742973396709316,4.7554351759931315
2023-08-15,2.860062000867347,0.8065632873814766,4.752121060897078
2023-08-16,2.9780646732160934,1.1197928852564916,4.988380353328205
2023-08-17,2.9282408305228342,1.0429535469189024,4.937248419925161
2023-08-18,2.87795141992132,0.9339277847544022,4.746390752151514
2023-08-21,2.9620180265937517,1.0350406937395762,4.984381684340338
2023-08-22,3.0096340379179662,0.9031421885794679,5.099025135940533
2023-08-23,3.1245035853105114,1.3059415675848152,5.24716687724157
2023-08-24,3.0696337060483367,1.1197566203642864,4.89289895553109
2023-08-25,3.0124216466013403,1.118834334587172,5.120735610398578
2023-08-28,3.065431170952147,1.1824659561714899,4.950317011737182
2023-08-29,3.099765610758998,1.1182172168392768,5.0344853768157085
2023-08-30,3.200211695969671,1.1498380235329804,5.117893935704365
2023-08-31,3.1300025288347575,1.0319910890592694,5.24116626053184
2023-09-01,3.056775111520304,0.9671352247311225,4.986166841465908
2023-09-05,3.078249998796176,1.1953676830292195,5.151909396602202
2023-09-06,3.162978756853469,1.2906581924093943,5.3010735531192985
2023-09-07,3.0777913062621356,1.2250689858466366,5.015634952166404
2023-09-08,2.9905120101115097,0.994060221072759,4.959694646235835
2023-09-11,2.9588153899555203,1.101960277350294,4.927443286642362
2023-09-12,2.9679350399975135,1.0217391369271134,5.077804736190995
2023-09-13,3.0451796255549066,0.9938435730467833,4.923503174583623
2023-09-14,2.9540202852703263,1.0240688319337792,4.913278903881345
2023-09-15,2.8622857701925892,0.9259453595873491,4.782339189919349
2023-09-18,2.8260180365113623,0.853087177525557,4.665004489721205
2023-09-19,2.8363424212733483,0.9462216465671207,4.79226425176996
2023-09-20,2.916012432952439,0.9792378921952994,4.696402223552612
2023-09-21,2.828393390030077,0.8520085511958565,4.729756884149263
2023-09-22,2.741198766192466,0.8654330878671267,4.77589181967901
2023-09-25,2.723305475958315,0.7830589348930296,4.482631360677592
2023-09-26,2.740910975642438,0.8688894875992234,4.706121461275528
2023-09-27,2.8282255765708193,0.8778028722945603,4.765644850061898
2023-09-28,2.748488995903708,0.905604142835325,4.7148808039438235
2023-09-29,2.6692930758665065,0.7079990301589183,4.732590801523882
2023-10-02,2.674956437100586,0.7632784732623533,4.6678563387714656
2023-10-03,2.6999201239366406,0.7112461159544302,4.630550406250199
2023-10-04,2.7941896880599435,0.8971774849412731,4.772821034979587
2023-10-05,2.720922520704882,0.8493863887484228,4.715857809466485
2023-10-06,2.6476362314209965,0.7721963578534947,4.644290614862341
2023-10-10,2.6951229612818146,0.4764398507997717,4.58635800247564
2023-10-11,2.791699275758667,0.9210621258864828,4.8114780242980295
2023-10-12,2.719925655377182,0.6611285013180012,4.507787157021194
2023-10-13,2.64731397616845,0.7259896006678013,4.5967549745803264
2023-10-16,2.663967910035241,0.4956664700160287,4.660036571368089
2023-10-17,2.6896202217805794,0.7566889571768606,4.5941176175004435
2023-10-18,2.7831209346340375,0.8480759400318086,4.807123861348852
2023-10-19,2.707680767477361,0.665674451501784,4.725679942854791
2023-10-20,2.630894549379229,0.5400714757935887,4.589775487265912
2023-10-23,2.6329778071935697,0.6197502221000949,4.592728924831637
2023-10-24,2.653472781127033,0.6474174209699098,4.549632798979934
2023-10-25,2.7418749932566655,0.5414812739166582,4.77575601241018
2023-10-26,2.6615269067968597,0.7873242844883525,4.556493243604261
2023-10-27,2.580155699726987,0.6941184688499694,4.461028412922379
2023-10-30,2.5716920469692464,0.5841675407076805,4.503691914282039
2023-10-31,2.590124657402402,0.740075785418862,4.769290893107322
2023-11-01,2.6773522500730413,0.7204860065058394,4.493346097546786
2023-11-02,2.5967890526277584,0.5998077323883916,4.551679722611774
2023-11-03,2.516213546490407,0.6506916788319692,4.633408316353154
2023-11-06,2.5163627718132093,0.4459079537940874,4.457378930810718
2023-11-07,2.5396674636088887,0.5974370725780632,4.567526160912418
2023-11-08,2.632664328751668,0.6574716822801002,4.500444328639334
2023-11-09,2.5586662128713256,0.5685425870642646,4.557812104033144
2023-11-10,2.485325586011833,0.5876310138022641,4.396657048229806
2023-11-13,2.5096180241335757,0.5587943628069283,4.408427632804686
2023-11-14,2.5411726241903048,0.6853021600770138,4.516562477051555
2023-11-15,2.6421873200753727,0.6871840115982946,4.686633870186332
2023-11-16,2.575768215547302,0.8370627028416256,4.597674604120535
2023-11-17,2.509363676187381,0.5578349679996655,4.455272329024771
2023-11-20,2.5487179164841676,0.5482822765889271,4.689741668368312
2023-11-21,2.582835263544099,0.6763576684898301,4.563307225274415
2023-11-22,2.6849731095617346,0.6852494040224107,4.663455273574021
2023-11-24,2.5497861694804267,0.7179720930543557,4.733963466373045
2023-11-27,2.5739277632628377,0.5785539840561376,4.273893723690183
2023-11-28,2.6000882695822245,0.7286649594093371,4.568269369073078
2023-11-29,2.6930275918494093,0.7657440176664375,4.662232037683575
2023-11-30,2.6159413573465744,0.5843815435773737,4.5669874279339195
2023-12-01,2.5364303084551945,0.4618903856028921,4.508844535025823
2023-12-04,2.5242249665810608,0.4372575974214968,4.55420593724154
2023-12-05,2.5381259670206697,0.6390700698519439,4.550176431952047
2023-12-06,2.6191564316867035,0.7478406418891181,4.665736099648724
2023-12-07,2.5307548025137656,0.47459967833060296,4.378205494688982
2023-12-08,2.440747437619597,0.3611035872623316,4.389610515189029
2023-12-11,2.4038266058530047,0.5010900950372901,4.323116825638943
2023-12-12,2.4121939212640076,0.4704697300835302,4.286501376070456
2023-12-13,2.489164330094874,0.5746109840316012,4.475912067203704
2023-12-14,2.3981811960021373,0.5748538448644243,4.2947962339626145
2023-12-15,2.307028680198667,0.40289126815913684,4.2484699089711695
2023-12-18,2.2741822480329956,0.17799627511899074,4.227767800437276
2023-12-19,2.285833016219029,0.3572219457538204,4.225548929425188
2023-12-20,2.3666728451673973,0.433206095231328,4.287757955996881
2023-12-21,2.279879918715148,0.33368745583743736,4.222894289901394
2023-12-22,2.1929580841154603,0.18789987785685816,4.154589062844134
2023-12-26,2.183467234528493,0.1439064054064239,4.287888803109286
2023-12-27,2.264653638849562,0.18957863008017778,4.311125447037378
2023-12-28,2.1767706062652232,0.18779958369365948,4.240867672624423
2023-12-29,2.087196575469398,0.1532292091771474,4.067758595562159
2023-12-30,2.34507459509839,0.3784349548181514,4.132756869051669
2023-12-31,2.3250086494344493,0.3947565756617121,4.183602575598365
2024-01-01,2.046730487863936,-0.005089034036116549,4.023251467273533
2024-01-02,2.0510228884066413,0.2607936680974905,4.049076240609483
2024-01-03,2.121973482039908,0.060191457850915196,4.145298791068894
2024-01-04,2.022842820168461,0.04160653452635656,3.999616874245001
2024-01-05,1.921327848283521,-0.1914657312852215,3.932381215945408
2024-01-06,2.1669461461079105,0.16103839849568466,4.18191513763176
2024-01-07,2.134724602279806,0.11240558646130545,4.2098035287217455
2024-01-08,1.8448568402566732,-0.13381386947489754,3.9087461322132677
2024-01-09,1.8386155177798722,-0.017929238227628014,3.8234989060890663
2024-01-10,1.9005938680400736,-0.12227550991784993,3.8108276274349677
2024-01-11,1.7945604503721317,-0.18616742010743204,3.7818429544448393
2024-01-12,1.6887085965784125,-0.14688152173501737,3.470725010051632
2024-01-13,1.9330262659736432,-0.12051972981685395,3.8643696180867106
2024-01-14,1.9029703509994969,-0.02408051742158122,3.7024210182812345
2024-01-15,1.619110135276303,-0.2914730232082693,3.590411674447102
2024-01-16,1.6230264129730132,-0.3113622309063306,3.6141867140769177
2024-01-17,1.6995410150618973,-0.3646605657256867,3.6744196519414123
2024-01-18,1.612561068300812,-0.13544134230944802,3.5637927695138383
2024-01-19,1.5303198015201,-0.5228604421184013,3.548872143470582
2024-01-20,1.8027399017456003,-0.3807529342130233,3.770024558684276
2024-01-21,1.8051037037441853,-0.18897261641744548,3.8315832027406125
2024-01-22,1.5576951013015297,-0.4765433725303677,3.5966158499152447
2024-01-23,1.601699814018549,-0.3105957037130603,3.4543555907878103
2024-01-24,1.721438813804034,-0.3484542110377253,3.619199065948219
2024-01-25,1.6802192261711264,-0.16463998354032675,3.5607209465909144
2024-01-26,1.6455844395054053,-0.3336787164620598,3.55561175741232
2024-01-27,1.9666892733514705,-0.052611296810081754,3.897768340802994
2024-01-28,2.01798427013761,0.08130813767830718,3.9206981279570736
2024-01-29,1.8188737160654753,-0.1972671234533971,3.811653213907372
2024-01-30,1.909633684943556,-0.11320240412483473,3.9545388813057625
2024-01-31,2.0736645193651437,0.1554195908500453,4.042981244627114
2024-02-01,2.0733616337664507,0.11904812788925627,4.0206457562633995
2024-02-02,2.075385911541496,0.050630741509899026,4.09965982622185
2024-02-03,2.428059067007072,0.4139895123887495,4.446060060944465
2024-02-04,2.5050675490604974,0.6709800359564465,4.664611857286421
2024-02-05,2.3251391096710443,0.3030091983740996,4.314211953194011
2024-02-06,2.4279778656954365,0.40034920476752234,4.547182492443314
2024-02-07,2.5965318324943882,0.6653892064641752,4.561041382332929
2024-02-08,2.592876418855262,0.7356749386709002,4.615052741098796
2024-02-09,2.5834948117522365,0.6861663907212926,4.507934511591263
2024-02-10,2.9166803389259695,0.9685041636817553,4.920780784864264
2024-02-11,2.9662441720249615,0.9030416470562922,4.789143128050145
2024-02-12,2.751192354366015,0.835286913582053,4.826146764762949
2024-02-13,2.811657922056082,0.7889597183013519,4.80236396481399
2024-02-14,2.931162119027128,0.9541625117645193,4.90792725630035
2024-02-15,2.8724882996647167,0.8103471465777629,4.799512404050956
2024-02-16,2.8029496320717815,0.8415795096439525,4.829753085586318
2024-02-17,3.071775950986681,1.0410721589359744,5.065365897291011
2024-02-18,3.0538034548012316,1.0009190864393194,5.04484220965804
2024-02-19,2.7691316254369522,0.7858242713221161,4.702109437737513
2024-02-20,2.759033588173152,0.6615560782048544,4.85111278332297
2024-02-21,2.8081944032155506,0.8093691561911509,4.673418633552598
2024-02-22,2.6805614048264106,0.6721300889647847,4.640403596910627
2024-02-23,2.5445882413767764,0.4471891036332652,4.4884784545054845
2024-02-24,2.7505985104191133,0.6977942905046245,4.67602244599443
2024-02-25,2.674453219645879,0.8142827085441864,4.572853867441479
2024-02-26,2.3371869668256267,0.3289177011651197,4.357402575897688
2024-02-27,2.280899535300999,0.21982662374532225,4.250883586315075
2024-02-28,2.290977829405521,0.27247731840976197,4.347231684184627
2024-02-29,2.131932640563897,0.18930580127881497,4.286886038225596
2024-03-01,1.972632205262576,-0.10236471038100714,4.012282705651464
2024-03-02,2.1636586820990558,0.15713157167545047,4.142997617583884
2024-03-03,2.0809719313635995,-0.027963692721883093,4.018597972376919
2024-03-04,1.7455455585485988,-0.1795764710320958,3.793169488350871
2024-03-05,1.6992619008908434,-0.21095357788145627,3.754039855488434
2024-03-06,1.7271407785405217,-0.3310627468534998,3.73808600801469
2024-03-07,1.593186315978282,-0.4289876666406343,3.5191950452321215
2024-03-08,1.4656335321414733,-0.38461341214933675,3.653311192002555
2024-03-09,1.6943204931159639,-0.3828650380177998,3.715984619305014
2024-03-10,1.654370015436958,-0.49391304704739314,3.790142065007833
2024-03-11,1.3658454342572872,-0.801057512126186,3.352598634923517
2024-03-12,1.3696666280424623,-0.5767775520093069,3.5934141640560324
2024-03-13,1.4498606062433792,-0.6627179391630953,3.50397906237014
2024-03-14,1.3694304358175835,-0.5399887755987649,3.5978817848509577
2024-03-15,1.2956236742415583,-0.6744299018399724,3.160035897333637
2024-03-16,1.577325584404793,-0.5316549611021124,3.4953047183057833
2024-03-17,1.588760626373186,-0.39025575325807443,3.5472362995625684
2024-03-18,1.3491662849311932,-0.78250486872497,3.4706379518504815
2024-03-19,1.3987250181898572,-0.6771669191558286,3.3851673538450724
2024-03-20,1.5208282862142086,-0.4746393607413468,3.593592777448224
2024-03-21,1.4779561551940774,-0.553404353145305,3.4649620300268316
2024-03-22,1.4369534381289721,-0.5115408660804883,3.6767901561358145
2024-03-23,1.7464275188800928,-0.3701442579569594,3.8384594811796706
2024-03-24,1.78045130663138,-0.4178915444622313,3.957974598142721
2024-03-25,1.558235412551983,-0.611307215125167,3.59500507274283
2024-03-26,1.6200554458790615,-0.4029138734476041,3.491001443513915
2024-03-27,1.749508575362392,-0.3781784837920952,3.7632995169207626
2024-03-28,1.7093831078409583,-0.35275959705609605,3.7706855519032345
2024-03-29,1.6669223627534546,-0.39854896515866467,3.8027512732798687
2024-03-30,1.9712083596681529,-0.08246633905053191,3.790703585636214
2024-03-31,1.9968491780081912,-0.2982316160414472,4.111384199664179
2024-04-01,1.7636345233076,-0.3508037478763813,3.9841926390477957
2024-04-02,1.8124458579449678,-0.2726061951837788,3.731788936418066
2024-04-03,1.9274957087191846,-0.18068513142384945,4.03293657724665
2024-04-04,1.8721803625268598,-0.08059180426053349,3.88886392231602
2024-04-05,1.8143276693482613,-0.482049885445421,3.9282882700885606
2024-04-06,2.1035658793012693,0.07998497274847441,4.082798548503025
2024-04-07,2.1149977413417127,-0.20339332148831638,4.117387554927812
2024-04-08,1.8688447156837418,-0.16245045029714394,3.9024413985043758
2024-04-09,1.906347917103697,-0.10813466804577661,4.164207070551863
2024-04-10,2.0120005960260463,-0.10746189408151961,4.093847208124949
2024-04-11,1.9493964941779154,-0.24661471746392225,4.045217682403308
2024-04-12,1.8864758481347428,-0.08297973972979147,4.092129407807217
2024-04-13,2.172894949883463,0.049595709360393286,4.333399083400599
2024-04-14,2.1837034041743877,-0.025090053908739668,4.387038082216423
2024-04-15,1.9389937802860466,-0.3558352681778178,4.06500539026469
2024-04-16,1.9798100596338055,-0.2756510910543201,3.9869120123445914
2024-04-17,2.0903894160432133,-0.12337759731432982,4.280970662368689
2024-04-18,2.0340213495177317,-0.21999343142394542,4.278703376173997
2024-04-19,1.9783055945257484,-0.13551660931307075,4.139931066979953
2024-04-20,2.2725343338454898,-0.06593983996121605,4.325957266928301
2024-04-21,2.2913824649273966,0.22237936378441184,4.50361222294981
2024-04-22,2.0545702203006604,-0.04118901219373316,3.979856354758611
2024-04-23,2.1027841553701467,-0.15919896395129413,4.330561795352019
2024-04-24,2.219930671414341,0.13898121556176454,4.269780016092027
2024-04-25,2.1690057549921775,0.18682241175889044,4.153484891077257
2024-04-26,2.1173620539396723,-0.015814699456022124,4.4697774815316755
2024-04-27,2.414098567165797,0.2205035563152372,4.591368020998176
2024-04-28,2.4337564950973283,0.03892810626467986,4.702161162960987
2024-04-29,2.1959854111627823,0.007159885532719023,4.341576198421959
2024-04-30,2.24146568883808,-0.2731364300155346,4.388061719148222
2024-05-01,2.354161337267216,-0.0496739676419764,4.539989037004851
2024-05-02,2.2971869755363485,0.08277189697097524,4.506462069355927
2024-05-03,2.2380701764101776,0.08903802252174722,4.550979781148209
2024-05-04,2.526134625136978,0.21031512216054168,4.572147345361724
2024-05-05,2.5361878610322224,0.2882107322998804,4.657624622216199
2024-05-06,2.2881780285334288,-0.04049014774779723,4.5070310705526175
2024-05-07,2.3231058758658514,-0.10205784995246281,4.593993504891547
2024-05-08,2.4252664860733164,-0.016217405530207493,4.702828679001687
2024-05-09,2.3581048203904422,-0.024146811783398402,4.591848037617363
2024-05-10,2.289466662457292,-0.20263285770773026,4.593647406211864
2024-05-11,2.5689707639031223,0.3389221730436371,4.820163863499282
2024-05-12,2.571686300766042,0.1668766253078107,4.952912299376575
2024-05-13,2.3177803860380113,0.08684128311157939,4.691800352056606
2024-05-14,2.3484221627550386,0.054671475913630266,4.6449150017845975
2024-05-15,2.448018207981214,0.024276284953416577,4.72165218995982
2024-05-16,2.380063525665476,0.08236387184359219,4.6792612156841455
2024-05-17,2.3123898615392497,0.05806168575361391,4.6026585647806355
2024-05-18,2.594537227952292,0.2748408499500866,4.813663981031842
2024-05-19,2.6014327757025897,0.18021987313637353,4.907412012884074
2024-05-20,2.353041725388955,-0.04072918326299088,4.709786354085073
2024-05-21,2.390276790585023,-0.2894125655785426,4.844457944999532
2024-05-22,2.497240674566302,0.23110567998908677,4.740187707923272
2024-05-23,2.437085717792928,0.011557530733958678,4.8064712942829715
2024-05-24,2.3772721822925513,-0.020992492305434603,4.589477201734748
2024-05-25,2.6669507747453096,0.22198510814558756,5.117008323293214
2024-05-26,2.680653228449985,0.0962119891380771,5.1506593025987835
2024-05-27,2.4379553181595655,-0.11816288806497055,4.8862763865082455
2024-05-28,2.479398389663548,0.15574820136311004,4.936514316589894
2024-05-29,2.5887436335240768,-0.03163281382848685,5.083630276906145
2024-05-30,2.5288428360775015,-0.03270551355567435,4.950824909538919
2024-05-31,2.4669067677767504,-0.3101718292928836,4.752294986745146
2024-06-01,2.7518965118978613,0.32702493123943754,5.260467088499093
2024-06-02,2.758221290816614,0.3345566767299022,5.277665538867022
2024-06-03,2.5054069441002262,-0.13257574582230275,4.952102589847829
2024-06-04,2.534020969995069,-0.06380610132136383,4.859585730962625
2024-06-05,2.627928243690398,-0.12888778620138952,5.034340661175803
2024-06-06,2.550161086943379,0.10958414022490548,5.021548940861953
2024-06-07,2.4681848497718724,-0.08749537285577014,4.925757993673155
2024-06-08,2.731284367009123,0.10675817314687983,5.133992239942505
2024-06-09,2.7142549641224445,0.09141086964031211,5.069444722885951
2024-06-10,2.437062337937534,-0.22349715867045036,4.864032749247532
2024-06-11,2.4407574445724096,-0.20746830278329376,5.04443180610871
2024-06-12,2.5097207719669363,-0.19488557939754936,5.031970470611597
2024-06-13,2.4075199714658653,-0.19076459639745377,4.974083863584616
2024-06-14,2.3021623366376396,-0.4046187509979859,4.931707447174932
2024-06-15,2.5434678381612135,-0.1218912827210846,5.077662758905312
2024-06-16,2.506746744250033,-0.1611450272416005,5.134064635898457
2024-06-17,2.212446506620951,-0.46003527553654333,4.7769822276579
2024-06-18,2.2020543883127166,-0.8093613290953564,4.712310258928612
2024-06-19,2.2603305350106635,-0.3198061239568678,4.906545957432564
2024-06-20,2.151155760122561,-0.45476967135597635,4.6301195755606015
2024-06-21,2.0427757911729922,-0.656281966012332,4.783488762581486
2024-06-22,2.285167902377029,-0.1581922648288799,5.03285616213545
2024-06-23,2.253714129940045,-0.42563083512813504,4.915447150919153
2024-06-24,1.9688458638383013,-0.8383874010248387,4.525792587118175
2024-06-25,1.9719463500435666,-1.081959663695846,4.63097191253388
2024-06-26,2.0475858050903857,-0.7692004453243314,4.7655695086144885
